Warehouse_ID,Location,Current_Stock,Demand_Forecast,Lead_Time_Days,Shipping_Time_Days,Stockout_Risk,Operational_Cost,Supplier_ID,Product_Category,Monthly_Sales,Order_Processing_Time,Return_Rate,Customer_Rating,Warehouse_Capacity,Storage_Cost,Transportation_Cost,Backorder_Quantity,Damaged_Goods,Employee_Count
WH239,Dallas,3926,484,8,3,7,93895,S693,Groceries,4893,4.766230718764152,6.053951997842127,3.840976300612479,28701,16975,2778,228,26,83
WH244,Houston,3032,5122,3,6,25,46847,S880,Electronics,4453,4.3043353239038735,3.8869957959395016,2.113928974421545,36198,14052,1535,288,16,39
WH340,Chicago,4763,4343,5,5,16,64176,S116,Furniture,5956,1.030779123572021,7.335160144687795,4.211437108477245,22784,9863,13435,153,3,49
WH428,Atlanta,2219,777,7,6,15,38940,S431,Apparel,5814,2.871244047490718,1.393481491074176,1.75167148929249,13172,15911,14508,143,39,35
WH202,Dallas,809,4756,2,7,16,33933,S821,Electronics,2279,4.060930355752779,4.212666134979816,4.231919058684772,39619,19011,1904,296,30,67
WH211,San Francisco,3840,666,9,1,19,30165,S459,Automotive,1326,0.6600062771781208,2.4114358026966034,1.1109878521328849,32490,9766,807,181,17,20
WH008,Atlanta,4757,4776,7,7,12,38284,S655,Apparel,6186,3.0847965356528952,4.195065786911762,1.0104315934628012,19414,6995,8901,237,25,94
WH438,Atlanta,4803,2432,9,5,20,45299,S845,Electronics,5539,2.433819850658695,6.0101387882504556,2.4498315534415,42401,17954,13519,172,9,91
WH106,New York,1401,2940,10,6,22,36265,S456,Apparel,1822,1.2916557112728806,3.147317563356474,4.739126956890537,18053,17284,773,205,17,78
WH099,New York,4213,3732,5,7,20,57333,S569,Electronics,4608,3.099240002721201,3.218993567473094,2.698892569190911,31286,5653,7017,97,44,58
WH366,Los Angeles,1670,1713,10,2,20,71498,S813,Apparel,2147,0.7200289387458421,3.9497898664615194,1.6104475545249861,37590,19542,13230,123,15,90
WH286,Los Angeles,2208,1339,8,1,15,95778,S560,Automotive,5219,3.624469253168056,5.915695635401246,4.205013314821327,26580,13840,12534,160,31,34
WH023,San Francisco,2635,4395,10,7,23,73077,S603,Groceries,8989,3.6185995041749854,9.459499629543487,2.0187091127591867,36191,7937,14852,54,4,78
WH428,Seattle,1799,484,5,3,25,57671,S469,Apparel,4671,2.1283228443114415,7.933189235079049,1.4774264053473645,34452,18186,14587,253,36,94
WH080,Seattle,4041,2603,7,4,8,92226,S103,Furniture,4073,4.151248720547726,7.02251724642419,1.4197695355080584,38531,15308,4244,194,49,93
WH191,Seattle,848,4701,7,5,21,93258,S136,Groceries,9842,2.211782892403385,5.227020681668493,3.992986904463386,11429,12498,5777,175,5,64
WH049,Dallas,4357,4984,2,5,24,40932,S759,Automotive,3420,1.0055867631751922,3.9317692302143357,2.2569849205834895,42128,2181,8725,122,3,53
WH233,New York,2443,5093,6,5,22,80137,S201,Apparel,7676,3.38818925346934,1.0295708446586593,1.3830311064828682,32242,6179,2251,34,50,58
WH101,Chicago,4929,2198,7,2,7,59285,S406,Apparel,7953,2.0765024004229677,6.961396945958712,3.456670588392209,42598,7843,6764,159,21,17
WH207,Miami,1463,4048,5,3,17,77723,S637,Furniture,2765,2.9049574786180954,2.4361907473894533,2.0412976291377984,30536,18584,14848,270,8,94
WH369,San Francisco,2314,1514,6,5,9,81364,S549,Groceries,5331,3.592180375409264,9.016686095198386,1.0624270897588541,31325,12245,10053,70,11,10
WH179,Denver,3850,3733,2,4,21,83283,S426,Furniture,9416,4.392024121655131,8.726997258989712,3.825005348963418,25907,7284,12751,199,3,16
WH220,Dallas,1542,3354,7,1,23,36696,S271,Electronics,7295,4.272494208086773,7.826373236218778,4.310665840736364,48600,2541,713,264,16,48
WH268,Chicago,2383,697,5,5,14,84872,S636,Groceries,4982,2.5720078069726195,4.239142046638407,2.9446442275021387,39082,19243,10301,202,49,26
WH196,Houston,4003,1225,2,3,12,75092,S336,Furniture,7111,1.302660490899678,3.859126551471246,1.4693438665878107,14012,4592,3788,137,5,84
WH376,San Francisco,3337,3349,5,5,10,88630,S566,Electronics,2070,0.8004787547521083,4.480422802331949,3.5877754784297347,28749,10282,3061,207,38,61
WH199,Miami,3549,3228,10,3,13,74353,S158,Electronics,9527,1.7905954565362066,9.707976612626995,2.139907856204592,49867,1083,8062,188,4,56
WH092,Dallas,936,431,5,6,9,73884,S970,Automotive,7584,2.2190855205002795,2.152120281980923,4.870324471233605,32410,16534,12558,61,19,68
WH404,Atlanta,1785,565,2,4,7,56955,S185,Apparel,8992,1.1843095340584908,3.3007619706390727,3.01514959885601,21520,9662,12565,159,29,41
WH206,Dallas,4646,3459,10,4,14,88732,S585,Groceries,2984,4.231301558061503,2.8572873730434525,3.8130499796080124,44144,14983,1982,110,22,64
WH021,Houston,1888,3795,8,4,17,82892,S560,Electronics,3884,3.0581230201965695,1.3109219039045117,4.622931173566437,30335,12391,10615,127,34,99
WH253,Miami,2962,552,5,3,17,99018,S491,Furniture,1392,2.9745225066571575,9.38394043904657,4.136936831796843,10606,3671,13568,255,4,7
WH484,Los Angeles,3743,410,5,1,23,81031,S376,Groceries,1897,0.6414395830320867,0.6489573120106318,1.788342617411549,48044,14036,11150,278,9,22
WH392,Houston,2742,4889,9,3,22,67455,S545,Furniture,5933,1.1393086290943635,3.6921854761483752,3.1475901681058525,41692,2294,5421,129,32,11
WH326,Miami,3837,3017,7,6,16,54060,S276,Apparel,3145,0.6512476252277024,9.628371283236445,3.100092505654771,49681,7521,4161,287,5,13
WH335,Houston,1423,3261,2,3,16,94094,S555,Electronics,8668,3.030536236273915,1.6633502865539338,3.8396133880730727,49197,7966,7011,103,31,96
WH415,Chicago,4568,1768,7,6,12,97211,S388,Groceries,3154,2.2793792119689944,9.733098225039894,4.2742435372990215,47783,11813,546,247,12,46
WH009,New York,4577,1024,8,4,13,67329,S104,Electronics,8412,4.408621821455748,9.619583361128761,3.1332236455678664,42346,16029,6976,229,10,25
WH397,Denver,4372,643,7,1,19,42195,S204,Automotive,8278,0.718415832716746,8.157148445402388,4.163828462305091,35116,18146,7702,35,40,40
WH122,San Francisco,1332,1339,7,7,9,46106,S596,Groceries,3223,1.9334868111275205,9.51614841685385,2.5529092595720466,15012,19964,11533,190,35,39
WH157,Atlanta,2390,409,3,4,10,81644,S452,Apparel,9800,1.613687357610135,8.526445727444779,4.101969873834205,15979,9882,8995,33,45,29
WH269,Los Angeles,1403,4806,7,7,20,86006,S571,Apparel,6079,4.240567245749428,5.927271060017021,3.840806460419825,38733,16907,4024,274,14,31
WH366,Dallas,1217,564,2,4,15,64548,S783,Furniture,6930,1.2923014457024704,4.62530604167913,2.0263570666603763,33642,13415,14962,40,1,85
WH459,New York,1295,2782,2,1,23,60363,S286,Electronics,2694,3.2658912630718566,2.930826553951479,1.8008252145091657,24041,5744,2583,8,19,55
WH302,Los Angeles,2867,2066,9,2,12,88536,S872,Furniture,1220,1.339351015510263,6.523684812306979,3.74721074916523,29903,7233,4194,0,15,69
WH112,Chicago,3120,4695,8,5,21,56043,S669,Furniture,8079,2.695718699122733,3.6408409199561977,3.497191590102298,38594,2330,1930,91,47,26
WH428,Atlanta,3337,4873,4,3,23,33193,S810,Automotive,1712,4.409161311263766,8.464944948563986,4.898802640026029,17790,17299,2291,64,4,14
WH361,Dallas,4062,1475,8,3,9,39957,S498,Groceries,4224,3.1831758641995984,6.228950011162652,2.773447385033695,14738,9524,13636,66,42,54
WH140,Los Angeles,1449,1639,8,4,20,60432,S278,Groceries,7003,0.9921953643913657,8.938582936413296,3.1586419046558922,41388,13400,1148,115,27,25
WH005,San Francisco,2474,1871,9,4,23,44010,S498,Furniture,4844,1.7227181774408522,3.0435661743802185,3.832921047818327,33661,4235,3155,180,15,76
WH487,Miami,3885,2529,9,6,19,58271,S695,Apparel,3921,1.0946871171708321,9.132850739548806,4.176466027057744,30250,12697,6016,204,37,44
WH136,Houston,2227,3193,8,7,22,71473,S899,Electronics,5510,1.4280201902153071,2.1863081853338526,1.4645257517805619,19817,8826,11062,194,29,7
WH286,Miami,1443,568,5,7,21,51904,S778,Electronics,5045,4.89985869596623,8.76144958191833,3.6390350502847224,29712,14945,8595,76,18,18
WH456,Miami,4451,4005,9,3,10,71826,S686,Groceries,9427,0.5150143296379995,1.8423728497205547,3.6817522510229637,19710,9717,12407,88,9,35
WH192,Los Angeles,2980,5034,5,1,5,72538,S293,Furniture,7397,4.921471157162285,6.862127079971069,3.9584411323980864,11351,16209,912,173,1,5
WH162,Denver,567,3280,7,3,18,36588,S134,Electronics,2840,0.9323914797278348,9.002075986242618,3.2384180430693785,49954,15435,5859,3,8,91
WH341,New York,4529,3336,6,5,16,79668,S260,Groceries,1919,4.468831432312917,1.0617120915306713,2.9577528048835724,40101,5397,12018,49,25,62
WH490,Los Angeles,2983,4731,7,4,17,38811,S384,Automotive,2513,4.335195862570184,6.684995210837575,3.800416259710771,35268,3996,6269,189,35,42
WH485,San Francisco,2389,2700,5,3,11,40118,S679,Furniture,8949,1.0732346235889305,6.515364498870118,1.2802300693022914,42688,12734,4978,41,25,96
WH307,Denver,4814,3915,4,7,22,88519,S930,Automotive,4537,4.7404214735674595,7.02274290970391,3.1224794168147953,49802,1114,7525,1,4,36
WH174,Miami,1935,3684,2,2,7,37318,S161,Groceries,6819,4.03304739538779,4.204409860724034,3.125580475180189,19330,3636,5063,97,33,42
WH099,Los Angeles,1478,3535,7,1,6,75822,S573,Electronics,8811,2.5797111234085532,3.342924356819605,2.6841570934344245,33202,8946,11951,16,49,6
WH298,New York,4418,3948,10,7,6,74065,S355,Automotive,6836,4.428036194327062,8.336853233465032,3.9519508911197696,43351,11037,7760,112,7,83
WH265,Los Angeles,703,3797,8,5,19,43957,S712,Automotive,2756,4.557828119468245,9.756787507403113,4.991848592194668,12946,14139,7731,161,38,12
WH016,Atlanta,1279,3723,3,2,10,50740,S464,Electronics,8315,0.5517782391828784,7.173624411681981,1.9995045678789953,15987,5509,5968,266,8,82
WH154,Denver,668,3671,2,3,13,93117,S588,Apparel,7308,4.108975560147669,2.0703355255361084,3.1437257123407965,21884,16105,13500,135,7,24
WH306,Miami,3066,3460,6,5,22,78996,S598,Electronics,3230,0.9700653104234799,3.311748199582973,3.0910809200392273,49848,8552,12597,117,37,98
WH062,Chicago,1701,2243,10,5,25,31210,S450,Furniture,1481,4.768843952502176,1.3788136390417498,4.8222116009030715,29687,12883,9577,30,21,42
WH016,Atlanta,4789,834,10,4,22,80268,S699,Furniture,2642,2.4478290594293854,5.474248613427676,2.3196092791361806,34766,17788,10987,129,20,27
WH155,Houston,1524,2820,4,3,23,63126,S335,Automotive,9598,1.9651171945069297,4.38051880749805,4.735659804478059,30211,3215,7518,135,12,37
WH092,New York,3321,3652,2,3,13,35784,S732,Groceries,5103,4.477332416282261,2.1764645136961898,1.1381962998363102,40555,2353,10115,246,41,66
WH071,San Francisco,4475,1326,9,5,22,30531,S476,Groceries,7782,2.0431498753827313,7.200827417456162,4.635351573041575,12303,9088,6130,241,32,61
WH495,Seattle,3126,520,5,5,20,59269,S917,Electronics,1557,1.658260791675004,3.086744736852345,4.662813325656334,21943,2075,1571,48,30,12
WH455,Chicago,1129,2613,9,5,19,46628,S596,Groceries,5385,2.9072919739739103,6.016837386795516,4.345494711192886,27025,2517,11960,192,40,41
WH143,Seattle,3330,3718,6,1,8,30780,S217,Apparel,4788,4.650512731114936,8.712734323507698,2.4292802037673478,24801,15966,14405,135,29,33
WH352,Los Angeles,1002,5141,10,7,10,70630,S761,Apparel,2300,3.4169198021955745,4.647341242025611,1.7749834249233114,22089,5249,3224,270,23,8
WH407,New York,2469,4680,2,4,10,69104,S878,Apparel,1013,1.0878997635677679,3.241580554600921,4.480384062067176,14179,4889,4214,4,29,6
WH375,New York,2332,2569,7,3,15,81666,S341,Apparel,8226,2.315601177303529,2.0233576566241176,4.12356527936608,45665,7809,1742,4,39,32
WH467,Denver,537,3634,2,2,10,39505,S122,Electronics,4624,3.623702192060189,5.861226197856312,3.4844305415556436,33050,6424,6198,97,42,19
WH473,Miami,3522,717,10,2,5,35991,S384,Electronics,8818,3.9700401450092264,3.829251193805367,1.4820860950556232,47108,2831,5140,173,9,73
WH215,Seattle,3895,4812,3,2,14,63807,S552,Apparel,4196,0.6195094012050075,4.367563067424154,3.7807104533535285,18812,5326,5936,205,34,53
WH022,Dallas,785,3253,5,7,10,48656,S464,Electronics,6067,3.0426787103310993,2.060185937566297,1.0629043985834232,12450,2415,6527,135,16,76
WH134,Seattle,582,979,4,7,13,78161,S828,Furniture,1756,3.2172569177105705,3.6354714609426413,1.9516447664812295,33854,15544,11418,300,47,16
WH438,Chicago,608,5117,6,5,21,37319,S185,Furniture,7939,4.3680713289495285,8.973498263101218,1.9362130148065209,26143,12294,9850,64,4,36
WH061,San Francisco,4667,1194,6,6,23,33599,S809,Apparel,4822,1.8921869721195719,2.9822372820043523,2.7176389707837774,30124,12415,13679,41,11,77
WH218,Dallas,1856,4009,7,6,15,72564,S626,Electronics,6460,4.11582369181487,9.140685299667108,2.2510879546247122,23518,3828,8048,206,7,70
WH090,Dallas,4959,1521,2,5,13,46931,S279,Apparel,7214,4.843627663625632,2.603456530374517,4.783974743209994,38363,1270,2087,189,41,41
WH072,San Francisco,848,4086,2,1,10,87409,S654,Furniture,5154,3.090093373310558,8.46437914862742,4.799813230278059,45161,1335,5088,161,7,66
WH093,Miami,1650,717,4,5,25,85842,S411,Automotive,1304,1.1906486437380375,4.341636366043159,4.695957923681192,45743,13382,7065,184,27,57
WH086,Chicago,895,3524,7,2,24,51690,S605,Groceries,2495,1.4605698466041819,4.375871675292584,4.700998194407476,21951,6527,5896,64,43,17
WH057,Los Angeles,4390,486,8,2,6,72677,S862,Apparel,2700,3.7424212437962434,9.761130561703327,1.2243711340241332,42370,3080,14988,80,0,56
WH087,Houston,1254,5127,2,4,5,96514,S240,Apparel,5073,4.686429202367436,6.303297317944929,3.238542676133766,12956,16289,544,218,34,86
WH486,Seattle,1097,4224,8,3,15,43503,S577,Electronics,2499,1.5120546822655108,4.238004917002321,4.108061923363723,38300,10261,11559,296,7,25
WH330,Houston,4556,3161,3,3,5,51674,S612,Automotive,5683,0.5789697414383912,9.352032489334496,2.015312515293903,48929,3405,14853,112,6,12
WH343,New York,1620,3290,10,7,25,69993,S981,Apparel,2072,1.3092149145993819,0.6475678200447512,2.110521389288295,39214,8105,10630,29,23,10
WH480,Atlanta,2264,2633,3,3,15,97185,S534,Apparel,8627,2.4795920831418825,5.7668958046821635,2.6638952180789683,16832,16744,7311,190,38,90
WH466,Atlanta,4416,2857,8,7,6,45999,S310,Groceries,5491,3.545752325068607,3.666495476813265,2.8741854161154863,21769,16669,2443,87,10,11
WH349,Miami,1894,1961,5,2,6,96163,S533,Automotive,8297,3.9684454740861983,8.442895538807871,2.5893544601977214,45430,18999,14529,76,30,35
WH168,Atlanta,1294,2072,3,5,25,85680,S717,Furniture,9674,2.0075127876357137,5.766948966364248,3.037074295955508,22010,14540,12286,105,13,5
WH449,Seattle,2484,2155,3,7,11,92559,S837,Apparel,2049,4.440275801350015,7.634356345622499,4.566869375463301,24642,3168,11699,300,1,98
WH211,Dallas,589,5164,6,3,24,64458,S981,Automotive,7324,1.9953298236293704,2.413013146358015,3.6766742432836,48033,6373,6467,277,2,88
WH049,San Francisco,2807,4166,3,6,16,56895,S141,Apparel,6136,1.7862279254050557,1.4452091263903597,1.3945165996851436,46738,10655,6239,68,8,67
WH102,Los Angeles,2194,2077,10,1,17,55474,S337,Apparel,5565,2.2677256463049966,3.1727752461059895,1.413834814808173,22467,13135,14564,62,25,17
WH091,Atlanta,2669,5200,10,3,5,82513,S860,Electronics,6850,2.0111259620637467,4.772863750725092,3.537690872459531,23036,13529,12864,146,33,77
WH239,San Francisco,1404,3278,4,3,16,72802,S679,Apparel,3125,4.222071916503779,1.260143677186893,2.197666032903029,35073,5339,9222,241,25,69
WH060,Chicago,3911,1299,7,5,17,37255,S713,Automotive,9317,3.364371644703908,3.7721871067591533,4.613700045934266,18379,5090,5452,224,37,82
WH491,Houston,566,4274,3,7,22,41020,S248,Groceries,9864,2.276965730746429,3.072119392038203,4.577625185933068,28078,14358,9193,198,11,58
WH199,Atlanta,2677,3594,9,5,9,93093,S319,Electronics,7549,0.8673231125879557,8.895301460945184,2.8133227921891293,47231,8493,3125,201,9,16
WH092,Miami,1330,1433,9,7,15,57086,S138,Furniture,2447,4.3648665077768065,0.9251953826511096,2.6696541853774156,41005,7917,13814,255,13,95
WH401,Seattle,3759,1018,3,3,17,60495,S810,Apparel,6247,4.65542398089618,9.67690660136815,1.7528227091073534,41287,4925,11217,124,40,98
WH440,San Francisco,3296,3925,2,5,14,31611,S429,Groceries,4216,4.15079855920052,1.6063667169165947,3.8151674340669683,34858,2509,2403,159,45,40
WH269,Miami,1573,2459,5,6,6,44851,S863,Apparel,5249,0.5602358603914286,9.400063276128268,4.991261774355099,35387,17511,14135,249,22,69
WH280,San Francisco,3364,3219,10,3,9,72445,S396,Furniture,7808,1.6673385816493742,0.7261309960621802,4.620090024836683,11340,16014,5555,150,17,70
WH224,New York,2460,509,4,1,18,51625,S634,Automotive,5160,3.225959290317888,3.45230173708965,1.7727720618081642,25172,19245,13942,247,25,15
WH195,New York,833,3175,4,3,6,95174,S346,Apparel,5369,1.6119419454824,6.910683212213677,2.7534058815546882,46936,11659,13600,20,29,35
WH242,Atlanta,3010,1765,2,1,18,34994,S136,Furniture,7756,1.434040342082321,1.834622098138203,1.9091509355393868,47303,14519,9948,245,45,47
WH375,Denver,4991,3810,7,3,15,89876,S372,Automotive,7625,1.3308846758695663,5.397408371929328,2.2802815929964684,11753,1898,8285,120,49,52
WH099,Miami,4998,1200,9,7,16,64791,S411,Furniture,6075,0.7599949341679718,5.714418204789014,3.8622821979780886,35815,2792,11106,256,47,78
WH216,New York,2492,2973,9,5,23,47857,S201,Apparel,2441,2.63488505525635,8.661110256453718,1.2204706686611209,49704,8597,676,283,36,65
WH187,Atlanta,1298,4148,10,5,10,70464,S684,Apparel,2619,3.1540685702885836,4.966517084092609,4.654195346188171,20213,10252,6489,24,8,27
WH434,New York,3535,4561,8,7,19,66003,S677,Electronics,9752,4.76460263830698,6.96512693399273,2.8993792718221756,27446,4070,2268,6,33,27
WH388,Dallas,2595,4478,8,2,23,36726,S813,Electronics,7212,2.7293604007666152,3.8764205768607773,1.2275020596344786,13371,5624,6640,166,27,60
WH044,Miami,1697,3299,4,5,17,87372,S501,Groceries,8936,2.577018869781421,4.131810748080127,1.6380197741513682,44716,6489,14212,47,31,30
WH471,Chicago,1312,3307,6,5,24,96271,S136,Groceries,1605,0.6949267186102566,7.5883692711828505,3.4228998663148102,43037,11793,3716,73,18,93
WH162,Seattle,1443,1157,4,4,18,76947,S109,Automotive,3327,0.9871784414898837,6.9040491815699525,1.2630262633084492,23449,18784,11728,259,20,38
WH197,Seattle,3327,3799,9,4,13,34130,S309,Furniture,1450,3.444852049172327,3.583126697212627,3.350975261523341,28103,10754,1809,36,5,30
WH007,Miami,3165,4971,9,4,16,98563,S312,Electronics,7138,3.3058634955427793,1.5054621666582721,4.480919463682463,17714,15161,13676,38,37,46
WH124,New York,1340,2971,6,7,25,79393,S819,Automotive,5874,1.0570412297597962,7.417042138817403,3.9577519642036023,33504,9168,1607,140,20,12
WH343,Denver,857,4872,7,3,21,66122,S771,Apparel,1948,0.9136875618552618,6.179871076910098,1.1370676051536948,33036,2440,8450,82,27,44
WH466,San Francisco,2791,3728,10,5,6,53951,S211,Groceries,4632,2.9815658082738885,0.8859390721709488,1.6189229337661954,49896,7065,557,2,26,43
WH127,Miami,2334,5100,7,4,6,77838,S347,Electronics,9465,4.293963591620115,4.299181282408586,1.4437609885294598,30756,13127,1215,125,44,100
WH156,Los Angeles,2798,1481,6,4,23,30568,S920,Apparel,8115,4.894737957476656,6.806793111677761,2.3380466708028083,22257,1110,5314,292,10,81
WH079,Chicago,4813,2247,6,7,14,58707,S491,Apparel,7205,4.197616818738573,4.566706750953509,3.768307775122011,30328,11105,3728,206,48,40
WH022,Houston,2651,4180,6,1,5,40114,S571,Groceries,9713,1.7433399483828373,2.575204869333072,2.188437890527302,26441,16376,3721,216,37,83
WH270,Dallas,532,4281,8,4,11,87888,S184,Furniture,6644,3.4822959389454446,1.514175873010643,1.5038789114051263,48750,18999,9465,279,8,53
WH263,Los Angeles,2607,4256,3,2,13,94791,S892,Apparel,6189,4.389174887021215,2.489233291346702,3.349496436138462,10928,15210,10826,137,1,37
WH466,Los Angeles,3954,4082,7,2,13,86732,S219,Automotive,2398,3.4315867630283257,5.442030993712262,2.3162016843533744,10369,5264,2813,283,22,86
WH254,Dallas,3708,2235,7,5,17,36749,S521,Furniture,6759,4.245877681403539,6.026154882440943,4.251698802025805,36428,7985,9161,98,35,23
WH141,Denver,980,2070,7,4,18,96843,S119,Automotive,8159,4.0399757922900985,5.638568988753409,2.0401231057083216,15824,10856,12927,70,41,52
WH295,Denver,1834,1077,7,7,16,37429,S396,Groceries,4210,3.1469617803986503,1.7596745187193243,3.902309300262796,12488,10894,10745,164,12,6
WH050,Seattle,4324,1831,3,4,17,43981,S921,Groceries,1393,1.1280814456483435,7.109339579621852,1.7449045392822646,46359,14236,13470,70,5,89
WH228,New York,2548,4355,6,5,18,95645,S558,Groceries,4284,4.771542168206818,6.609676065944194,1.9641836291757602,44370,8185,5267,248,18,88
WH125,Denver,3380,5055,6,4,24,66402,S735,Groceries,5544,2.2311774109484483,8.511802042037194,1.28832640241377,23744,13811,9053,146,4,85
WH006,Atlanta,1314,4858,5,2,18,42837,S955,Groceries,3448,2.1723522245761657,5.843548804633928,2.8684054005769157,15353,16110,7856,70,42,31
WH043,Miami,570,4885,4,5,7,57506,S167,Groceries,4262,3.2196138149263485,4.218476444831822,2.932320275333834,16459,19635,13095,61,1,62
WH250,San Francisco,528,1982,2,1,9,80086,S230,Groceries,1513,3.6353295637262004,2.1514037788288585,2.585306771833449,30525,18993,7758,49,34,36
WH306,Houston,4942,4080,5,3,25,44339,S210,Groceries,9609,3.9259194356700196,0.5067553350714313,1.249607483589442,46227,9557,8166,102,37,20
WH018,Miami,2482,516,2,2,17,79112,S491,Apparel,2238,2.303450971010143,1.7629513346528352,4.088770744703288,24140,15962,4290,292,23,70
WH055,Dallas,3790,2904,8,4,13,80868,S929,Groceries,3819,0.7883545024077682,6.447282385305265,4.699026272849533,18187,16069,12253,248,49,31
WH454,Los Angeles,2838,3097,4,5,24,52345,S856,Groceries,1932,3.2398408285236115,3.161294892494549,1.2233738808581744,41612,2593,12276,9,33,22
WH178,Atlanta,1055,3915,9,1,16,93626,S917,Automotive,6077,1.3786477274755047,3.1933413332207032,2.606415416015871,13099,12517,8893,283,37,99
WH486,Seattle,2163,4952,7,6,10,63033,S768,Automotive,3870,0.9044239890708552,7.788806685434134,3.996709577070427,26467,18771,5622,160,49,59
WH107,San Francisco,3237,4641,5,1,18,89202,S218,Automotive,8491,2.371239114826022,7.636075282413879,3.935632809599674,24438,17255,12267,136,8,7
WH242,Miami,1440,1135,2,2,22,64823,S471,Apparel,2917,3.746115605276315,9.613737533870475,3.3716614862742995,40012,18694,5063,49,8,67
WH353,San Francisco,3119,4223,2,7,7,34027,S763,Electronics,5461,1.9483658513573847,8.492109830382054,2.494557724836613,46381,6415,861,71,38,8
WH477,Miami,938,4245,5,4,23,52190,S601,Automotive,7383,4.569937274919113,4.3142586339482865,2.6611488684907405,13574,11663,7327,209,14,63
WH189,San Francisco,783,1310,6,3,5,97457,S733,Electronics,2030,2.3426813672111972,1.0144603293710805,2.151291746860922,33885,1985,6261,257,23,71
WH097,Houston,4588,4176,2,3,15,73887,S744,Electronics,9762,2.2802591344456937,6.335227603505666,3.1896289880750532,15219,5923,7977,238,26,26
WH174,Los Angeles,2771,4542,10,1,8,89581,S508,Electronics,8717,1.2774135817004648,6.994702732536864,4.149458958361379,45941,17813,9555,190,34,91
WH153,Atlanta,3630,956,9,7,7,45897,S517,Apparel,3023,2.7416817060213257,5.330618320677362,2.5775142476363038,16306,10185,14293,96,41,25
WH334,Los Angeles,4069,1971,5,4,11,41108,S456,Groceries,2308,4.038621486568559,2.190833817906946,1.0845975511805928,37238,12903,7918,121,24,14
WH082,San Francisco,4892,1083,7,5,19,97049,S183,Electronics,5580,3.6725740284616957,0.8975352753545169,1.180772972936135,15458,14880,14212,9,49,6
WH125,Seattle,1085,3932,2,1,10,31964,S539,Electronics,5896,4.531215735919565,0.9841134997220558,4.854329604765839,34914,15079,12423,271,13,41
WH347,Seattle,1133,3203,2,1,17,85331,S395,Apparel,2526,3.4017176191198857,5.039495031269183,4.472942625972051,37204,7396,11618,129,33,51
WH425,Dallas,1070,4667,5,5,15,94026,S466,Furniture,9375,3.4963317609672213,9.107077961236161,4.2538216579314385,29777,8675,5657,28,1,70
WH153,Seattle,2783,3089,6,4,20,31379,S147,Automotive,5599,3.8532196867650392,5.177985872565143,4.144548805889327,34966,9430,7684,210,32,91
WH458,Dallas,2956,591,7,4,11,68101,S816,Apparel,8829,3.3082304846689037,5.851436733787557,3.8951813145042284,34314,19128,9077,197,37,73
WH362,San Francisco,1105,1494,4,7,16,86457,S396,Automotive,8357,1.3210481495822426,1.4551772259449398,1.406863888155149,44544,4098,7715,131,3,22
WH185,Atlanta,4025,1348,3,2,6,32278,S134,Automotive,2457,0.7197221595936485,6.893959055545324,1.2262535496679594,22903,1778,4901,249,5,46
WH254,Atlanta,4276,3468,10,1,16,44679,S410,Furniture,6997,3.5604008113123076,1.1852996332661525,1.7906886450859072,25956,1174,14281,122,6,54
WH472,New York,4067,2378,5,7,8,55131,S214,Automotive,8284,2.6948991088537606,7.807269760553269,1.6785180324304214,40549,17999,12708,226,12,46
WH315,Los Angeles,2253,2408,7,4,5,78804,S722,Furniture,9539,3.9351533665045677,1.6094199709814914,4.145083252784581,17822,14959,4780,61,42,74
WH233,Denver,3633,3446,10,4,5,80642,S398,Furniture,8647,4.680226191008989,9.480227208677835,1.8712077186047518,40696,5691,2231,278,3,33
WH039,New York,4625,2143,4,1,19,77994,S711,Groceries,6810,3.7351764922045696,9.386046473541366,4.339697396842895,37574,5501,11572,20,2,18
WH378,Denver,3385,3251,5,4,5,46917,S586,Automotive,6447,1.378266895660984,9.526772643211439,2.683638298637746,14836,12091,8644,175,0,28
WH082,Dallas,3756,1623,8,2,25,83069,S801,Apparel,4363,4.841622118032367,6.291763381398928,2.3452135261334583,48455,5138,12163,276,43,18
WH010,Atlanta,853,4822,2,6,25,30777,S616,Furniture,7854,2.9011038090227186,4.608665813732068,1.2459816215860022,13624,8451,6198,241,40,88
WH232,Los Angeles,1999,4340,10,4,25,59472,S365,Furniture,4602,4.093949324976702,4.45675169425218,4.5564093742173135,20435,6118,12838,265,36,33
WH205,San Francisco,4855,4555,7,6,13,44452,S450,Apparel,7850,3.158681814624715,1.4052074714383367,4.644929750089861,29113,5476,3787,35,10,68
WH236,Atlanta,4793,4845,4,5,6,76581,S511,Apparel,7472,2.493734079232039,1.6878560502785165,3.661938243917697,40975,8669,5610,79,35,92
WH331,San Francisco,2710,2793,7,2,22,40686,S857,Electronics,5156,4.147032732302561,5.687013355747712,3.1619935023130155,33721,5159,9866,227,30,86
WH221,Dallas,4693,2590,6,2,9,68367,S923,Apparel,2077,3.687660635337499,1.1222964721776392,3.2022021152372475,16068,12663,13144,106,12,19
WH420,Denver,3177,3658,9,6,11,51099,S334,Automotive,4728,2.228897599874667,3.228079421307656,4.705196817484711,38501,15641,12475,131,4,28
WH178,Atlanta,2897,5133,10,5,12,55488,S840,Automotive,9032,2.995728111088946,5.727325542666683,3.9662676293585117,41563,15830,13589,144,49,24
WH009,Atlanta,3113,639,3,5,21,73388,S520,Groceries,5139,0.6823629612278101,2.3485187673247934,1.2116350947503007,42738,1938,10983,29,0,19
WH266,Miami,4262,4453,4,7,20,47772,S644,Automotive,4193,2.0168060766184492,9.410102651539523,2.4086257012276353,21690,16433,1907,16,15,9
WH054,Denver,562,2584,7,7,22,70573,S342,Groceries,8087,0.8934419386488675,3.923041346098174,3.614312955335385,10919,17110,3204,216,2,86
WH297,Chicago,1377,3852,10,2,13,32573,S940,Furniture,4851,2.572734843629043,4.984775575239685,4.027067674092859,22061,7161,13990,275,9,75
WH068,Chicago,3237,4628,2,2,15,82698,S325,Automotive,8869,2.3030968971262498,3.5364465951868387,2.5620714646223455,22298,2024,5966,95,39,44
WH496,Miami,4862,4621,10,6,5,87939,S804,Apparel,2900,1.117540979523934,9.409925344743009,1.8574980394756824,45518,13888,8672,264,41,62
WH478,Houston,789,1746,9,6,23,79365,S453,Automotive,3171,2.7423648076544795,9.315235139253392,3.7817580136174107,43927,5602,12965,254,9,65
WH129,Seattle,3104,4771,2,2,25,80079,S187,Electronics,3050,3.303165258596908,9.62308177114705,4.142530632667576,25046,18888,9374,172,19,58
WH093,Atlanta,1435,5167,10,3,18,53504,S868,Furniture,6151,3.4955407232912656,1.6488872482675858,2.7164515588987865,16295,3196,14151,114,44,13
WH414,Chicago,4473,2730,10,7,21,32188,S557,Groceries,3435,4.707221900372791,1.3837596926727609,2.142700106194362,17183,2226,9199,87,14,17
WH100,Los Angeles,1859,4489,5,4,23,34451,S211,Groceries,9634,0.5051594759509981,3.206536021597237,1.1020643173293565,29322,18781,7428,269,47,59
WH013,Miami,4214,2516,5,7,8,46897,S998,Furniture,2027,4.116614315524204,7.620789530147575,4.68804215850736,44903,18844,8447,26,12,35
WH422,Los Angeles,3561,402,10,3,9,53249,S890,Automotive,2809,3.893007702174429,8.874503241366527,3.219685998829052,37169,12529,8799,125,2,50
WH287,Dallas,3298,408,7,3,9,32024,S971,Groceries,6968,2.755378380493312,7.884325486060242,3.2816015583640725,10604,5177,10228,149,30,19
WH054,Atlanta,2677,4517,7,5,15,88414,S924,Electronics,8398,2.5034526815535045,5.429731238791156,2.019250523513873,13407,19481,4614,228,3,93
WH258,Houston,1665,1457,2,5,13,56498,S669,Automotive,1525,1.1834636646827719,4.362674871530122,3.073135425649372,30826,10751,14777,58,31,74
WH136,New York,4421,3181,10,5,11,47922,S851,Electronics,1038,3.848050547745861,7.8495014404637224,4.182189570477151,27494,19822,10759,236,35,86
WH312,Dallas,4808,1153,10,6,19,34386,S471,Groceries,9223,0.8262203298923263,0.7855293240059442,3.7073822697684844,46284,16981,11539,238,19,39
WH483,Miami,583,3301,2,6,21,45378,S498,Automotive,4534,0.8340030997555311,2.208844548998254,1.436325711386408,33922,7619,14413,298,13,23
WH307,Chicago,2535,670,10,5,7,86852,S105,Electronics,9709,2.3929297875995488,1.4697605067822876,2.788001508463846,38167,2813,9918,64,15,44
WH096,Denver,876,4572,8,4,21,51273,S529,Automotive,1549,4.737408838987866,4.378774438164912,3.676212319488384,42787,16048,12204,164,31,44
WH037,Houston,1389,1881,3,2,17,48242,S860,Apparel,2669,2.738094464697677,1.1260942084019383,4.512628244794277,16071,5523,4816,2,45,18
WH319,Dallas,3321,3357,9,1,16,64265,S709,Furniture,4167,3.6685131138275744,2.6293302819586746,3.4040881169142283,44887,2797,9671,245,12,71
WH039,Miami,874,3644,7,3,8,87744,S724,Furniture,7033,2.7012376215126443,7.269622657191019,1.2956086154258748,11714,8626,3739,80,48,38
WH379,Seattle,1431,4199,5,4,8,73889,S537,Furniture,2413,2.960442683768946,1.9529129590696492,3.8499484049280497,33343,7383,6215,96,36,60
WH165,Dallas,4585,1133,7,2,16,59096,S255,Apparel,7346,3.061060257574442,8.122255481230233,2.7120562910443726,10927,7768,3878,15,24,59
WH228,Dallas,3000,2800,7,6,17,68570,S549,Groceries,3022,2.0734071288774265,1.7256897056349547,2.077692874877569,17122,4512,14576,241,39,93
WH095,Denver,4376,3250,9,4,12,92958,S428,Furniture,2486,3.750684189553968,2.170777758481307,1.9064014790487334,15561,18118,2657,44,50,96
WH458,Seattle,1930,1690,2,5,14,59326,S305,Apparel,4275,0.835235956708963,1.0218607308163654,2.2918693611017336,11992,10108,558,3,22,62
WH111,New York,1306,2568,4,1,6,99648,S417,Apparel,7126,1.720847231927259,5.418592416723341,4.2009473045330665,10857,14934,5552,292,24,12
WH063,Denver,519,4714,10,7,13,48320,S782,Furniture,1845,2.5634494400064507,9.643661997837887,4.354149553823753,46938,13318,3878,127,50,23
WH195,Miami,1618,499,8,3,5,76517,S746,Apparel,6348,3.3273107326398246,6.979741513490626,3.8729251307243953,31711,4840,7402,65,50,33
WH033,New York,2148,3006,8,6,18,78909,S779,Apparel,9780,2.4983474196619495,9.267905021303486,1.61469952329419,40292,17468,13194,267,22,88
WH290,San Francisco,1252,4500,3,4,17,70261,S111,Groceries,1988,3.151417195847543,6.033220545381233,3.306981389943478,38812,18418,12601,274,17,34
WH033,Denver,1877,1816,2,4,7,67582,S996,Electronics,9526,4.247775335868873,8.731866695581324,4.109156309285755,23562,4158,862,169,39,47
WH492,Dallas,4910,2192,10,6,18,80267,S508,Groceries,1004,4.834405253333769,7.402858602282735,4.700883131548394,23954,13725,8905,66,5,48
WH196,San Francisco,4812,751,10,6,21,33970,S813,Electronics,2245,2.9955349154647886,5.9240015625511,3.023004541028902,10905,18866,7405,108,10,75
WH054,New York,3234,4239,8,7,17,53723,S156,Electronics,8678,3.370670330098038,6.243344098842718,4.161418912257416,18257,18102,8880,74,41,61
WH462,Atlanta,3142,2856,9,4,15,97968,S728,Automotive,3289,2.677728250372465,2.4261451018207167,1.8289441819918664,18089,19529,7146,223,15,86
WH221,Chicago,4943,3956,4,3,15,93573,S697,Electronics,5874,0.7745312008658547,1.7342193183873578,4.332292856692737,11235,7855,14611,76,44,28
WH251,Denver,3252,4110,9,1,23,31002,S244,Apparel,7620,4.231503634204799,4.904070449933503,4.391785540115457,26329,2308,9978,268,34,84
WH118,Seattle,2936,1810,7,1,15,85788,S871,Electronics,2984,0.9715501719355479,5.255492601715046,2.084627519019276,12727,1632,12062,260,41,56
WH358,Houston,1336,2299,3,7,16,58287,S207,Automotive,6728,0.8639036957819688,4.665251033426094,3.334094526064494,41200,3103,9223,270,5,65
WH225,San Francisco,2338,2984,5,6,16,99158,S273,Furniture,9782,3.897356309553997,7.300319872222429,1.764712758016008,49023,13849,14520,249,8,64
WH353,Atlanta,1817,5158,7,3,18,80216,S968,Groceries,5974,3.47067250229178,6.361999198461259,4.439038583223961,39379,8720,13741,158,11,96
WH420,San Francisco,3889,4046,2,2,20,66747,S595,Apparel,4067,4.715296744000979,7.868701786520098,4.406759226158186,39899,19918,1522,149,7,21
WH239,Miami,2435,3823,10,1,15,55720,S284,Groceries,3797,3.4693647867963278,3.1636976582301095,3.7893222324034728,46320,6255,7436,25,24,29
WH491,Miami,4508,2131,5,2,11,72094,S232,Automotive,5076,1.804647088640153,2.5747090480397805,4.605613554242797,10464,13887,5737,110,6,75
WH465,Houston,4939,2881,10,6,14,82802,S505,Groceries,9078,0.5340617459330065,1.291893180445284,4.194979731770829,29356,10599,951,137,27,23
WH439,Dallas,3555,4504,5,6,16,49831,S925,Electronics,4434,3.2506152204146623,6.805738656566702,3.567064375231698,40412,4257,7568,141,45,91
WH422,Miami,1219,4620,8,4,12,87187,S138,Automotive,3844,2.9478697378158336,7.146980659168711,1.4941282997652303,13414,2093,8128,274,49,23
WH162,Chicago,2737,1503,5,3,17,72351,S256,Electronics,6939,4.454161447040795,4.059557449189448,2.5056628129128966,42643,7212,8668,0,46,78
WH381,Los Angeles,3835,969,9,2,5,62446,S325,Furniture,3646,4.935029275823371,5.120439655264492,1.0048254838770299,22411,6006,6845,77,18,15
WH433,San Francisco,1011,4060,5,5,21,76238,S963,Apparel,3308,3.417961865341944,7.173437635096746,2.411667412615189,34918,2038,14626,258,46,48
WH417,Denver,3017,3410,7,7,16,95929,S365,Automotive,5507,3.810683966078039,9.440451051442361,1.2332601283929705,41470,15077,13522,242,44,58
WH271,Houston,2190,4409,5,7,21,99472,S891,Furniture,3787,4.706867146324203,1.170620771304119,3.318058985084025,39709,11486,4392,80,13,71
WH349,Los Angeles,2308,724,5,1,16,92173,S273,Electronics,3727,4.904813561110809,9.992465129205904,2.8874223936333463,49852,12760,11568,240,36,31
WH026,Houston,1992,4773,5,4,12,36291,S219,Groceries,4612,1.79335041838702,4.670677887423413,1.6984218280341103,16817,11598,10070,107,48,37
WH347,Atlanta,1284,4240,8,5,24,91504,S898,Groceries,8173,0.7519325283305757,5.201192274058323,2.3943297445322638,14075,3025,12889,172,31,10
WH219,Dallas,3921,4064,10,3,16,46284,S648,Furniture,7361,1.0957766865508287,9.992382013245598,3.080971229791734,42770,11017,1729,99,45,13
WH444,New York,2214,1757,10,7,25,34912,S677,Apparel,9432,3.1286587654929203,2.0860709896506924,2.0778222682440073,15788,10598,3113,233,48,52
WH393,Denver,3352,1825,9,4,8,65532,S403,Automotive,7382,0.8571721065544426,2.5989405231996883,4.068151559759741,45742,6788,11258,48,16,44
WH121,Dallas,4422,3216,3,6,19,51038,S596,Automotive,8910,1.7045137649212245,7.90822841050626,4.564097867210652,31151,12442,3752,179,34,26
WH366,New York,3904,1956,6,6,16,96162,S473,Groceries,4401,3.5520246176506314,6.061995903331615,3.484360598874748,26040,3997,1846,277,34,36
WH420,Houston,778,4266,6,5,18,36339,S645,Furniture,6029,1.7729020383183767,3.2001639973856064,1.634038370137712,33230,18911,2535,291,15,69
WH324,Los Angeles,1691,4729,4,5,24,98302,S501,Apparel,1842,1.2028840900535587,9.751962347045158,4.226509696697865,19745,19929,14181,205,6,12
WH363,Denver,3150,4731,9,4,17,52286,S612,Electronics,1253,1.4616347039308113,6.15396864284652,4.331673334360975,28836,18445,4379,142,10,67
WH030,New York,3930,1197,10,1,13,66480,S123,Apparel,9448,2.583968438359283,8.334399681302603,3.6052645068224303,36144,3341,6868,214,36,34
WH119,Miami,1100,2919,9,5,16,79205,S795,Groceries,5735,4.508077237251215,7.684174013267885,4.629416284556829,28489,5217,14484,147,36,74
WH314,New York,794,2163,8,6,11,93008,S443,Groceries,1448,3.847996064051405,1.0723231957888577,1.549873626692161,25387,5083,5620,97,41,9
WH436,New York,4553,955,5,7,7,77040,S989,Furniture,4390,2.7710131401185234,2.5419419878140785,3.8574277601095766,32777,11404,2328,5,22,8
WH390,Dallas,3530,1066,8,1,19,68576,S927,Furniture,2204,1.195314910892917,9.38169165487513,4.262431387105646,15844,11824,13391,277,7,28
WH204,New York,4161,4769,2,6,25,64773,S364,Furniture,7505,4.846602061641753,5.889543245112575,1.5720083203072335,27050,4514,2645,98,46,50
WH032,Atlanta,3103,1480,8,3,13,79160,S386,Furniture,9252,3.0251615946075354,8.186045360863538,1.0818871758123323,19103,7872,1947,131,0,14
WH313,Chicago,2208,1610,3,7,11,34878,S612,Apparel,8124,1.420225817972791,3.38756589073306,1.3920347571825458,23458,16194,1647,72,47,89
WH187,Dallas,1010,4507,5,6,20,61693,S488,Groceries,3900,2.524264565346945,4.668143781040118,3.0581968679499396,14077,12042,5816,271,9,23
WH490,Los Angeles,1734,3809,10,5,7,85301,S387,Groceries,1535,4.595209993614094,6.015609742094156,3.1869844226006925,42089,19944,8555,164,37,67
WH396,Los Angeles,4689,620,7,2,9,96508,S142,Electronics,2833,4.108624404006396,8.824586437609986,2.7413256718366026,10597,19812,13221,144,8,79
WH075,Houston,2578,4206,2,4,8,73583,S771,Furniture,5971,4.515413487345189,7.364516719676369,4.1730108805110095,47323,11323,11581,153,11,79
WH257,Houston,839,2010,10,1,13,69694,S708,Apparel,4652,1.5356456626670993,7.649802840709654,2.0793904196099438,41031,19979,13698,289,26,90
WH380,Denver,1295,1850,8,2,6,86908,S873,Automotive,7556,4.1523788582461485,4.041980619757947,2.8916402175486957,10776,2975,2045,45,6,12
WH286,Denver,4552,2103,10,3,19,74330,S454,Apparel,7955,1.7702858554788303,3.8648101979319733,2.1094010880683984,22787,4803,1858,143,41,98
WH076,Houston,2468,1696,8,2,17,73989,S635,Furniture,8653,1.4090732974021467,9.62770978461267,3.5687157703759174,20971,7064,8104,113,23,100
WH387,Atlanta,2420,3470,6,6,24,32599,S872,Groceries,2840,4.907269903757063,9.244001489616151,3.27482587646642,16208,16299,10144,50,2,54
WH342,Los Angeles,802,1651,5,5,25,98483,S928,Furniture,5708,3.8402506270712746,7.202271729027608,3.7013008235821667,42957,11639,14914,34,28,86
WH453,New York,1322,4183,9,7,13,73377,S434,Automotive,6710,3.2760760446951442,7.01440767031808,1.1617849613965467,42688,4554,936,299,33,44
WH473,Atlanta,4966,4469,10,7,5,33179,S181,Electronics,8446,4.379972845132558,8.291569101005035,4.2752510897621345,25568,18319,7078,227,32,77
WH195,Los Angeles,2482,1780,9,6,12,74035,S188,Automotive,3562,0.7055232818868602,7.118490485729158,3.148438483772377,47194,1901,12651,222,13,95
WH419,Seattle,4615,2767,7,3,14,57295,S112,Furniture,9618,2.375159432235976,4.3569892965730155,3.7541779931818136,28007,3193,9014,13,36,57
WH315,New York,1864,4837,5,1,5,82497,S709,Furniture,4968,1.4000955742110597,1.5367165720100222,3.948053789797637,49764,6405,8691,138,16,28
WH397,Atlanta,1594,2760,2,6,9,98567,S813,Apparel,2433,3.718506497301825,8.225946266682598,4.561284602274007,10576,14648,14169,129,19,67
WH492,San Francisco,1967,442,7,1,6,34205,S287,Furniture,5005,2.195862453880833,5.268478281871635,3.614909378122749,21377,3361,9361,75,39,7
WH040,Houston,863,4365,5,7,10,31316,S153,Furniture,2078,3.2414573016733064,2.493200356099349,3.845446886297575,25078,11949,11131,201,41,18
WH109,Denver,4748,4753,3,6,16,67320,S193,Groceries,2960,2.882183340289632,5.724938790291498,1.9200545874933583,35955,19702,9406,116,26,56
WH104,San Francisco,3963,4359,8,4,19,95995,S732,Furniture,7022,3.680100359494773,7.2116977564383085,4.568314269746979,15192,5196,11137,228,46,29
WH129,Miami,4049,3732,6,2,13,64539,S461,Automotive,8796,2.987334537572503,4.877972884264882,4.78904211941164,34165,15396,9246,78,32,6
WH430,Atlanta,680,3984,2,3,11,91042,S381,Automotive,1825,2.2104470795660154,8.816115860873305,3.3572875375798232,15155,9438,4296,47,27,98
WH389,San Francisco,2172,3321,2,5,9,60429,S902,Automotive,8783,1.747484223255367,3.062882015255468,3.6371142186969125,47296,19538,10792,201,22,14
WH086,New York,2160,1085,9,5,5,66793,S897,Apparel,1418,1.2060110313696566,7.28676562645648,1.5851295665393947,41232,5883,6290,18,21,36
WH023,Atlanta,4279,3822,4,6,10,91635,S133,Furniture,6007,3.5625677110903755,8.047765808315695,3.9604749322537782,18979,2775,8483,221,48,50
WH242,New York,3212,2993,2,5,17,47222,S485,Groceries,4836,1.919942757694521,8.37087689398079,2.6744044998206027,12761,2360,10103,53,2,12
WH320,Houston,2420,2840,2,7,25,62394,S915,Automotive,2670,2.97713452909982,4.530270796178097,4.5411389329928085,42442,2183,13272,282,46,7
WH296,Seattle,1762,3916,2,4,13,36091,S746,Automotive,5329,2.9872567613607783,6.416783114267743,3.4936694405454802,37245,19475,12567,16,31,91
WH012,Seattle,3842,4266,5,3,9,54664,S377,Electronics,6678,2.9602949082183567,4.46561468135199,3.0452131210380493,24667,12490,11557,68,11,31
WH035,Chicago,3929,3188,10,6,7,93280,S287,Automotive,9632,2.7168255094235843,4.289734236430016,3.4000754770786643,43657,5616,14651,13,32,12
WH093,Dallas,4224,3596,2,1,22,63818,S867,Apparel,8200,2.3700547541406656,5.289006334713199,2.6468772978064505,24435,10588,8540,297,36,75
WH098,Dallas,3418,5130,6,3,11,97235,S670,Groceries,3468,1.440203816306644,1.3376233533736235,2.0984999138774483,38426,18176,3251,135,43,58
WH124,New York,2550,2544,5,4,18,43064,S593,Furniture,7192,1.4897770467721607,6.179666013239157,1.3514591936770874,23986,7744,13724,38,32,85
WH183,Miami,3442,3997,3,3,18,34794,S121,Electronics,6003,2.6487538477845476,7.034610802977581,3.8105603903936016,47664,5117,8157,28,26,54
WH426,Atlanta,2998,658,10,2,19,43556,S375,Electronics,8622,2.4705720423941133,7.861706326172716,4.263083670931272,37264,13469,6482,52,15,80
WH424,Seattle,1645,1998,7,4,13,85144,S339,Electronics,1803,1.917564835323991,7.341778087634344,3.7843535205526466,47552,10090,9488,167,47,40
WH279,Los Angeles,2279,1715,3,6,19,51798,S474,Apparel,5390,2.976805287248679,7.271054630751614,2.896386379738037,17432,5887,1238,29,39,69
WH401,Houston,3631,4761,9,7,23,85798,S350,Apparel,1238,3.3987068793045028,4.565389420052664,2.3728713723014043,25878,3896,11847,63,43,94
WH187,Dallas,2756,4440,4,5,16,91702,S674,Electronics,7713,3.5480160897070467,4.640103407357678,4.449951493055449,39303,5345,3013,126,33,85
WH411,Denver,2005,621,2,4,12,38148,S195,Groceries,9068,1.047234568755509,8.28898910267446,2.1685712665840073,25644,12799,12305,290,42,32
WH026,Chicago,2042,2627,6,5,12,55853,S944,Electronics,4488,1.305304607006086,4.181986880364314,3.5731746891971823,13881,2691,1893,203,50,73
WH268,Seattle,3150,4897,9,2,10,92424,S690,Automotive,4681,2.2595624702564825,1.3232946983728615,3.2973424684953416,11336,16865,12202,79,14,82
WH436,Houston,3431,3271,4,3,11,98150,S955,Apparel,4605,4.339924875872783,3.717720086447093,2.7177869191083417,32555,4215,6391,48,50,90
WH256,Houston,4169,4979,8,6,15,79750,S539,Groceries,6683,2.677692892411743,5.211208088217426,1.1775552926471597,44285,17836,1355,61,26,24
WH290,New York,1498,3928,3,3,22,73515,S827,Apparel,5884,3.2328263202786784,7.814388590756113,2.9097153952808332,27015,17774,1468,215,10,57
WH480,Los Angeles,3929,1419,7,3,15,96829,S566,Apparel,3793,1.6347000556027464,3.3140563605801594,1.1985093378139893,45860,7257,7188,222,0,22
WH020,San Francisco,2734,4605,3,3,20,94845,S810,Groceries,9663,2.389876579130718,0.8970863063780021,4.1505316907330965,41700,14331,8580,195,40,92
WH017,Denver,4576,1341,2,6,6,52507,S696,Apparel,3262,4.282557844736154,2.356135204360894,2.4253280068591727,38381,12369,11657,130,11,42
WH325,New York,4863,2479,6,4,15,61482,S147,Groceries,5514,3.4465686099311643,3.9813986374516426,4.057322748794938,21317,9460,11887,20,10,34
WH304,Los Angeles,3206,3987,2,2,23,56759,S739,Furniture,9928,1.286769647650254,7.357488212537387,2.858419031796357,49752,2529,6603,98,29,45
WH315,Chicago,2679,2355,4,1,10,85536,S512,Apparel,5352,2.6966956052344067,3.5870495149655763,2.912918175406096,43969,17067,8262,60,47,33
WH179,San Francisco,4703,3631,3,4,5,55573,S690,Groceries,5077,0.7336706333926714,1.3489601648366918,1.4446041613010672,22122,7430,9719,15,34,51
WH205,Houston,4789,2629,10,4,18,67902,S844,Groceries,1150,1.8773040390826206,4.252128866105797,4.575927135233751,24608,2315,5798,125,20,57
WH005,Atlanta,2865,5093,9,5,14,50857,S617,Apparel,2701,2.523635435211358,1.8625659852324865,4.039106088212192,35251,3425,7300,22,0,13
WH100,Atlanta,4348,3191,4,3,9,60499,S145,Electronics,6065,0.6392561013455638,6.620696561104883,4.271051884810753,36544,3673,4952,181,50,85
WH326,Seattle,1689,5061,9,2,12,37440,S414,Groceries,3417,1.5271149402518043,0.5728469576615047,4.351889885838089,38198,8814,3819,171,23,75
WH233,Houston,1799,4048,2,3,22,39231,S415,Furniture,7128,1.5590783992193817,1.172217244371951,1.6279183210284724,21097,2115,6205,10,20,91
WH277,Los Angeles,4884,3184,5,4,6,48757,S710,Furniture,1966,2.4600373430754097,0.6649659718789964,1.394510054397823,28549,16441,14887,113,10,18
WH440,Atlanta,2943,3759,4,4,17,84467,S858,Automotive,5491,2.781952737615016,5.72585374344053,1.0684815599474948,11290,7098,11675,88,17,61
WH077,Miami,4930,1596,9,6,16,65180,S999,Apparel,5159,3.0247428750866963,1.2266371427094962,4.7460884915996635,18352,11701,13753,293,30,35
WH478,San Francisco,1233,5175,6,6,16,49703,S466,Electronics,9533,4.695794006867258,3.3396191125136165,4.831641704420944,27791,18878,3668,232,34,55
WH402,Seattle,674,4623,5,1,14,82542,S954,Automotive,4972,3.882602248656549,4.357942438519766,1.2330628021304957,26141,15403,9039,228,6,64
WH341,Houston,3722,1745,4,2,10,67201,S361,Electronics,3781,3.8410717195953943,4.759903195537997,4.795935040731765,13998,15719,12369,91,15,27
WH258,Miami,1503,4215,4,1,18,61767,S209,Automotive,7511,3.17028493276809,1.8799062106210445,4.410955472342002,48675,11230,5869,13,9,67
WH119,Atlanta,3386,3306,2,7,15,73834,S538,Furniture,2230,3.56688264658246,3.3750029516222497,1.939978334575208,23075,4455,7674,219,0,56
WH068,Los Angeles,3513,3170,4,3,19,53542,S599,Electronics,7359,0.657614548972585,7.530401119491331,2.1706465884542876,20332,4948,5074,273,43,92
WH031,San Francisco,1343,848,10,1,12,64407,S690,Groceries,9625,0.5687921384515013,7.747956526464611,2.508540592723153,46795,10723,4060,2,31,19
WH499,Houston,4672,4914,5,1,17,43396,S112,Groceries,8583,2.5028725609102023,1.0204848544871625,3.743667117359365,23417,19063,2637,88,3,33
WH389,Los Angeles,3446,3285,3,5,9,93587,S394,Apparel,3947,1.9972381147676348,2.2598726268171463,1.3523986163173847,28596,1997,2877,23,23,11
WH461,Los Angeles,1690,3229,2,3,25,36991,S217,Electronics,4122,1.9534485842257532,8.118054923886675,4.66358695634149,18398,9138,5531,44,16,25
WH192,San Francisco,1631,4816,7,2,10,97759,S187,Electronics,6095,2.8450084008493177,0.6227868363952367,4.071847561574883,26153,11785,9870,23,1,78
WH182,Chicago,2206,1667,8,1,6,47230,S258,Apparel,6579,0.6557801961563895,8.6789529253673,2.3888091300682945,25968,12102,12800,51,28,60
WH436,Miami,2199,1668,7,2,15,87711,S698,Furniture,2852,4.695498745340331,2.654573788071979,4.8807694138230335,15009,14154,5337,172,12,99
WH263,Miami,4916,2610,5,1,18,88765,S410,Apparel,8025,2.8876771539984505,5.3935367825572404,1.8618867781815402,41105,1464,5319,176,36,14
WH471,New York,1627,3789,3,3,17,85842,S946,Groceries,1788,4.384509205533007,2.338957584390847,4.765918476231066,35748,5604,11672,285,43,48
WH151,New York,989,2784,6,1,18,47950,S492,Automotive,7949,4.511183246546126,8.438004655481638,1.5331760541585546,22004,6945,3471,28,46,32
WH294,Chicago,4251,650,10,3,23,57399,S607,Groceries,5765,3.608854938847455,7.775085337769691,1.1834929317937202,30399,7522,8792,215,12,61
WH002,San Francisco,4387,2175,8,4,10,49294,S497,Electronics,5528,3.417115865081292,5.951639963615949,3.3307507556754126,14253,3692,3766,137,16,57
WH074,Atlanta,1391,1134,9,4,14,78225,S627,Furniture,5475,3.4114293550141404,8.297316662610385,2.4888915205296205,30357,2637,7562,27,14,7
WH305,Denver,3581,1545,2,2,17,58798,S703,Furniture,3336,3.3531084861291975,8.09890457384039,4.040612175140741,34887,19453,9161,272,30,86
WH194,Seattle,3874,4349,3,3,23,81369,S811,Furniture,2781,3.5447046479096906,1.672008178386344,2.7845036470125026,28129,18641,13910,117,7,27
WH232,San Francisco,688,1463,3,7,13,90841,S520,Automotive,1473,3.4476867576327264,6.0049632513619144,4.304181751213566,15316,17786,5956,128,4,25
WH041,New York,982,3984,2,5,24,58802,S388,Groceries,5676,3.426475553330061,1.0667668358633213,4.483220021258354,20994,19518,6490,148,43,79
WH131,New York,4422,828,9,1,5,80974,S181,Groceries,6857,1.1882806385146338,5.671113777428491,1.4424130633121415,31687,11125,6039,106,29,38
WH370,Denver,3057,930,4,6,13,33807,S805,Groceries,6939,1.4886181242020944,9.329248311850778,1.8671628818780315,29413,8501,3176,289,18,58
WH225,San Francisco,1742,4542,4,1,12,98732,S504,Groceries,7019,3.980181025446416,6.100235069091412,4.319110205594036,15069,12991,14155,176,12,75
WH223,Los Angeles,618,932,10,2,11,36651,S591,Groceries,8698,4.452741578477104,2.6888454344253865,2.441640807385794,38504,13484,1670,120,40,70
WH476,Los Angeles,1386,1271,8,5,13,78191,S225,Furniture,1613,4.147510846808727,7.848355652642475,1.9028880645004902,31646,17732,7714,238,5,78
WH455,Seattle,2207,3714,9,1,6,79701,S820,Groceries,1621,4.823148959891307,9.578089922832913,4.1692769646403365,46394,19151,559,103,31,27
WH370,Houston,1488,3011,3,6,13,77440,S744,Apparel,1163,1.7237037566055662,2.496927788337352,1.9711363216213358,47706,3022,2563,120,14,33
WH105,New York,4872,2903,3,6,6,52838,S152,Furniture,7135,2.5455436874849147,3.7808145158913793,3.709456925783388,36005,4009,13393,2,20,40
WH282,Chicago,1457,922,5,4,6,56640,S997,Electronics,7717,0.7275646045134385,4.738091338900921,2.418501436716162,14777,10811,5499,289,6,37
WH489,Dallas,3312,3091,10,2,9,60788,S771,Groceries,4335,4.5636952129850865,7.229039762918853,4.916921907375873,18928,17190,4973,179,20,35
WH376,San Francisco,2605,5126,4,3,25,52334,S260,Groceries,4701,0.7788748473185094,9.496487006752718,3.093092473390587,10338,6035,7781,294,36,91
WH458,San Francisco,660,1611,3,1,7,94183,S188,Automotive,6400,2.4662982024444715,2.782415900676167,2.2137418075586095,16847,6734,14278,76,31,7
WH033,Miami,2300,1459,4,1,5,88472,S808,Electronics,2672,3.043127258280307,8.158908207584961,4.568741112599906,20247,12513,5813,145,41,59
WH125,Chicago,4977,1299,5,6,23,91605,S954,Electronics,6841,1.5889942971716529,9.482954802896325,1.8570562785251012,41030,8656,2296,12,11,47
WH080,Chicago,2200,2474,3,1,7,30946,S439,Furniture,9333,2.8124391557330766,4.466651716300403,3.6536303940483412,28605,16645,9292,230,20,59
WH286,Dallas,3424,5119,2,4,16,72693,S248,Apparel,8842,4.954139119063811,1.0136077090225002,4.34790865534373,41424,10280,3078,216,26,95
WH120,Denver,2258,2659,4,5,5,97396,S968,Electronics,4499,1.5280864911971652,1.531034923157801,1.8979746794615888,35457,15946,515,158,40,42
WH092,San Francisco,3547,5117,4,5,20,46592,S799,Electronics,9398,2.694330090329354,5.01915316795986,2.910831242293055,11927,1357,9805,184,40,78
WH477,Atlanta,679,1890,7,1,22,49608,S684,Electronics,1359,1.0009049684878988,4.246762743068387,4.16382187761706,14825,15165,7572,248,3,71
WH413,Seattle,3412,2576,4,7,25,52720,S899,Automotive,1753,0.5623591337695131,1.2862931033414147,2.3583165704423137,32468,5445,4987,111,29,21
WH326,San Francisco,1210,1626,4,4,10,55520,S816,Electronics,9166,0.9211585859372614,8.369369680530838,3.0136360605010397,49101,17697,11152,210,7,90
WH078,San Francisco,2466,2107,4,2,8,99202,S436,Groceries,1248,1.654442935162124,8.641811555300688,2.089979963461004,49895,11376,4433,42,14,46
WH055,Miami,849,4475,8,5,10,72838,S126,Apparel,7426,1.6479302049030513,6.541362592937368,4.690850577103633,40691,14310,2042,160,4,78
WH033,Seattle,620,3801,9,5,25,99965,S261,Apparel,7580,3.7376871440609243,9.13037148217024,4.838445802855853,36935,18414,8482,299,30,33
WH243,Seattle,2270,575,4,6,11,59428,S222,Automotive,1848,2.9158884984907307,8.773904518591392,4.036400364079306,11850,2588,8173,181,10,23
WH388,San Francisco,2202,2947,10,2,24,84686,S270,Apparel,5667,1.7758619258154102,8.693970318721586,4.417770949626924,48273,18885,13036,92,39,46
WH482,Seattle,2343,1171,3,2,15,59904,S763,Electronics,7410,1.5117728102175207,3.273032649061018,3.4813828088703493,44472,7102,3547,246,1,67
WH387,Los Angeles,4174,3605,10,6,25,45894,S807,Furniture,2555,3.3875728597319155,2.2956056771632865,1.3892132908455372,12979,4433,12383,45,12,75
WH259,Seattle,4648,3271,2,2,15,38658,S322,Groceries,7125,0.9058792662523585,6.6180187954246295,1.4338227760908846,15598,5751,12666,11,26,59
WH049,Chicago,3577,2582,8,3,7,89377,S825,Furniture,6669,1.1880295053361776,6.155271129611611,4.468922130512553,45556,1133,9913,195,28,97
WH322,Chicago,1502,2782,5,4,11,39104,S134,Furniture,1245,3.8612357888098563,7.821841335566494,3.5958336788466028,44913,12304,1408,81,15,79
WH131,Denver,2556,886,9,7,19,98956,S516,Furniture,9931,4.28731836791671,7.256458115904856,1.192385857830776,15965,16289,8362,221,0,14
WH264,Atlanta,3807,3546,10,3,12,57378,S314,Electronics,7646,2.5340931792741763,4.886547723228596,2.6503415403816244,29822,2827,5546,47,28,63
WH371,Houston,929,2849,7,3,15,87397,S391,Apparel,9526,3.8212991060632184,0.8356791186885874,1.6021985381931798,44786,16282,11137,124,1,27
WH183,Houston,4448,2335,5,1,13,90309,S518,Electronics,5763,4.660653790720515,7.223295683064421,3.9808312949528566,30810,8728,14870,138,17,7
WH329,New York,1747,4930,5,3,20,95132,S927,Apparel,1695,1.7288625945903386,6.210058704989876,2.72941637038755,36489,12353,4864,113,19,50
WH232,Dallas,519,3854,2,4,16,96949,S278,Groceries,2065,4.444190954080326,2.6390363726661756,3.201119647163603,34100,6332,6145,273,31,86
WH488,Denver,1769,2744,7,6,18,63690,S782,Apparel,6256,2.8287595075599836,3.1821570672938493,3.2286233254464234,18687,7616,14003,237,28,67
WH344,Houston,2073,894,8,2,21,34990,S123,Furniture,8141,4.1067766022775665,6.083528641458038,4.126618244727672,36001,1476,14534,262,3,55
WH060,New York,969,1093,4,3,7,51567,S231,Furniture,2127,3.5916846245866525,4.990166015076094,3.068268638228219,26229,4565,2540,206,35,17
WH194,Dallas,1204,1222,9,5,19,43468,S735,Groceries,8904,3.9848026264458603,8.941255065037273,4.2331320862931,43074,6812,2324,244,3,90
WH489,Seattle,3853,1343,3,4,15,40856,S941,Apparel,5090,1.1970493389860122,1.9990417724826903,3.5388092246218537,13948,8099,6692,112,45,12
WH470,New York,2498,800,8,7,25,45456,S433,Furniture,4404,3.0426539147064933,2.836929063215729,3.84423661685033,23341,14588,1950,107,17,77
WH175,Los Angeles,2366,3994,10,3,15,92482,S228,Furniture,1770,1.8241639642729868,4.735391191752465,2.81953460155612,25357,8940,9011,141,38,66
WH419,San Francisco,2492,598,8,3,19,55080,S783,Automotive,4399,2.865143964390016,3.8694784283311616,1.5171659808176967,33279,18414,11372,89,29,5
WH246,Chicago,2610,3115,10,2,15,71855,S646,Apparel,3294,1.8237405142751535,8.629357553314616,2.9901951306983636,42413,12091,7749,289,5,98
WH401,Atlanta,3157,3940,5,2,8,99706,S219,Groceries,4202,2.6390383873176684,2.1545729402702984,4.772301858739361,45610,12957,14529,270,5,53
WH079,Dallas,3347,878,6,5,24,55163,S581,Automotive,3689,2.3453571181140873,0.8663331798780438,2.0877999422946636,19511,11709,12230,210,44,78
WH113,Houston,1875,4065,9,2,23,48912,S164,Apparel,1713,4.9459697662334925,6.440620880207227,2.094185523348728,24950,1887,14635,298,24,90
WH482,Dallas,654,2773,6,6,25,37339,S980,Furniture,2042,3.0570397871626613,1.3311917566619993,1.1773881095956478,48570,4473,1954,268,19,82
WH095,Denver,4991,2525,5,2,11,79488,S320,Furniture,9049,0.882523775170698,8.559356587605937,4.01398501991862,22805,3272,13564,126,48,94
WH387,Chicago,1889,2271,9,4,11,91701,S759,Groceries,3138,3.6602458700064187,6.999616024693093,1.625875066422891,30630,6237,13797,63,19,92
WH189,Los Angeles,939,4581,9,2,9,96247,S286,Electronics,1312,4.22581435457915,4.229580651247242,3.634583879275223,46548,2946,5515,150,5,28
WH039,New York,2347,2434,7,3,17,93079,S445,Electronics,2906,1.1920186050854469,4.713906096287271,2.2531771140801244,46837,5506,9020,88,24,21
WH233,Atlanta,4434,4997,8,2,20,65546,S355,Groceries,9664,2.369220536777128,5.4782019266972135,3.025049085793932,20120,5212,7969,97,18,77
WH303,Miami,1602,4403,9,3,5,98673,S139,Electronics,4423,3.422803141811317,9.035054141753207,2.013285407379977,12348,5046,13352,268,42,7
WH105,Miami,2936,5034,3,6,9,82925,S372,Furniture,9521,3.1184629855361354,2.2618466159821393,4.6972873053061015,23562,19875,1132,55,36,22
WH018,Atlanta,2437,1217,4,4,5,75859,S656,Furniture,4990,2.707463618478855,2.629567306502714,2.8081864010792716,36928,10790,12841,224,24,18
WH350,Miami,2652,1374,2,7,21,44162,S230,Furniture,5892,3.4998594681456465,8.106075918912826,3.3667663126755167,20238,15998,5669,198,9,82
WH287,Atlanta,4693,4306,4,1,24,38920,S129,Automotive,9883,3.5767868342908464,7.175892317258725,2.721773368535052,22130,17787,4640,90,2,97
WH354,Los Angeles,2929,2193,4,1,23,93422,S519,Electronics,6796,2.4544030599094624,4.861912174903886,1.3737950860041748,12910,3528,10857,63,24,87
WH395,Dallas,4860,5137,6,1,6,55459,S157,Automotive,1101,3.552012205955158,3.3624821166685317,4.441950849272167,36306,2942,3679,179,43,48
WH344,Denver,985,474,6,7,5,96689,S532,Apparel,9816,1.206092406774633,4.930170322739985,3.6090031810961056,43485,11804,3414,113,9,83
WH418,Chicago,3322,2770,3,6,22,90331,S476,Apparel,6836,3.0223524789461256,4.474620031316709,1.7795892787025895,24388,16588,9369,105,28,6
WH181,Denver,3264,2646,6,1,10,65921,S627,Apparel,3316,2.82938888827762,4.0461998363244565,3.3780191693645083,49628,19408,4478,177,29,93
WH128,Seattle,1410,2117,8,5,25,68512,S984,Automotive,7919,0.9952261784291656,3.0121736994564587,3.818971135570209,25647,13314,2177,16,10,33
WH404,Atlanta,1319,4559,3,6,13,74534,S305,Furniture,5863,4.4910984654637645,8.92549172833224,4.622318789842045,22844,3352,12320,226,22,52
WH354,Atlanta,3013,2774,2,1,14,68302,S306,Furniture,8883,2.383043141033821,7.57452288357724,4.99825819132484,15190,13477,8696,255,7,94
WH106,Los Angeles,3765,3292,3,1,9,62523,S154,Apparel,6925,4.259642944243053,0.9905146784731604,3.062051985854062,36936,3612,5023,300,6,55
WH257,Houston,1169,3503,3,6,11,79946,S198,Electronics,6622,2.1680053862119437,5.748849669127982,4.299019568035421,35367,18442,6998,133,25,74
WH305,New York,1969,1594,2,6,24,67751,S755,Apparel,1686,4.145867799755509,9.617225293667742,3.0206912567822886,49519,6988,2877,46,27,68
WH090,Seattle,3512,3056,2,5,11,81104,S775,Electronics,1239,1.5537477711932466,6.524725714810358,1.7705569837803274,38384,18938,11559,57,38,42
WH033,Atlanta,2845,3243,4,2,23,40414,S944,Automotive,8936,3.677748308765268,5.66030557199651,3.142890987644858,19590,9593,6891,294,14,18
WH382,Miami,4258,4740,6,7,20,80668,S417,Automotive,5312,4.727865362298307,3.5719377431829247,4.123246920147931,27619,4776,12277,13,42,91
WH001,Miami,3807,3440,10,1,24,42372,S372,Furniture,4503,1.544249907416704,2.2804952230500457,1.241844082686431,13306,18195,9484,63,4,59
WH330,Denver,4403,4734,10,4,7,77444,S317,Electronics,3880,1.758340306240136,6.994654001430552,1.6622287527436947,31326,2080,6426,18,23,52
WH080,Seattle,4039,1966,5,1,16,82812,S892,Furniture,3353,1.6238808371116087,4.827142990295423,1.1974195266658318,17616,15539,4666,55,30,40
WH488,Dallas,4067,2729,7,2,12,46080,S622,Automotive,4596,1.4063876567670106,7.932470020225499,1.7886836885313042,10940,6967,11725,260,8,90
WH201,Los Angeles,4179,964,6,1,10,55053,S520,Groceries,4124,1.4793405167484939,3.581714604173842,1.9992269502234055,29722,9487,7488,253,0,45
WH056,Atlanta,4278,3427,5,3,19,39851,S396,Electronics,9286,2.8231035661565462,9.085423138809496,3.5575498356588,38006,14959,11699,278,48,80
WH046,Los Angeles,4545,2036,2,6,8,90308,S801,Apparel,7029,2.658175319155957,7.241184773682219,1.3017447317844013,25207,5008,12688,231,45,98
WH442,Chicago,544,4553,9,3,20,59227,S407,Groceries,9535,1.777482496171107,8.202470619682316,1.8649757697318008,11085,14270,6211,275,50,46
WH209,Denver,3328,3027,2,3,22,93013,S544,Groceries,7683,1.3716127282656592,3.081702746518394,3.243556193698297,15557,6652,8795,216,28,13
WH390,Houston,1124,4854,7,1,16,30515,S503,Groceries,1927,1.4056862016276646,2.733842988478245,2.3406769407055235,39339,15148,14579,179,20,79
WH042,Chicago,2279,1930,10,7,24,72812,S569,Automotive,4016,3.270863467961015,3.646862301692016,1.0138251716378477,46299,6101,12458,163,30,51
WH414,Dallas,2358,2655,6,7,23,45715,S995,Groceries,1413,2.6581522068277534,2.996627471491692,1.898483055164693,26390,7744,5653,140,21,76
WH390,Miami,1376,5004,2,1,24,64485,S742,Furniture,3285,3.9940003122316288,4.566255197068634,3.509173281292153,48768,16192,9028,199,32,20
WH001,Chicago,3721,3835,6,7,14,60781,S565,Automotive,1330,1.0590771242213273,4.227656217117181,4.43857426913306,33682,14240,6406,0,41,95
WH266,Miami,4874,4415,8,1,11,87222,S851,Groceries,6771,3.9901903400304115,9.454588072113554,2.830472259473992,37502,1217,8138,6,15,39
WH039,Chicago,4264,676,4,3,13,35183,S120,Groceries,5645,4.595759430358646,6.895952085947726,3.7147214868624983,45076,18049,2828,117,11,80
WH037,Miami,2570,3036,5,6,16,72382,S602,Electronics,2353,2.1657178618669675,1.4077363114477375,4.603616446685138,27852,7710,1039,132,45,50
WH500,Dallas,4798,2861,8,4,23,70972,S966,Automotive,5015,4.650455809547309,4.900964559372193,2.9800731546685015,39543,8082,13117,136,26,14
WH361,Houston,3845,1896,6,3,12,67556,S598,Electronics,9719,4.072614418912835,8.415299805686121,2.7669271949125624,34874,14922,13314,126,11,97
WH391,Miami,2671,2527,6,2,18,36034,S102,Automotive,1288,4.562037056130106,3.7034674674277963,4.406367856102272,49979,12654,3570,25,20,51
WH027,New York,4759,484,9,2,17,96825,S131,Automotive,3694,0.8309198768315766,3.560419599792402,3.2033900280493843,16996,7961,14110,119,41,85
WH141,Miami,659,4727,10,5,8,42631,S798,Furniture,8771,3.7807064296169504,3.4366324725974575,3.0916113974399186,46742,13170,3430,178,6,82
WH398,Atlanta,1859,3467,2,6,18,79114,S637,Automotive,1103,4.792046456246479,5.049971077105031,1.3953847664704364,22704,4727,7642,15,36,60
WH488,Miami,734,2644,4,3,17,82106,S853,Groceries,3149,2.3510002468161737,3.311114917107901,2.3405241766935094,25240,5249,1900,201,45,49
WH122,Dallas,4100,5099,7,2,12,52305,S668,Apparel,4137,3.935873607515373,3.899368335105133,4.599728315617082,17206,7229,10178,155,18,91
WH202,Chicago,2011,3949,5,2,21,59432,S469,Automotive,2891,2.426555640359147,7.69024545329578,4.975743289652216,13524,12644,3492,26,33,74
WH475,Atlanta,4328,1522,6,3,19,50887,S401,Furniture,4595,1.225912772528076,1.3565060675912683,4.44173182280283,20088,17571,7604,97,31,93
WH164,Atlanta,1130,5141,2,5,14,62347,S103,Apparel,3431,1.2448179642417778,4.628427681400431,3.4034922025563197,42992,4735,14388,264,17,13
WH163,Denver,691,2105,7,6,7,72227,S441,Apparel,5715,0.517357453398711,5.80637413604332,3.6126570357005754,31692,9854,13762,20,20,23
WH494,New York,3139,1614,4,2,24,63111,S187,Automotive,8588,3.203501207736076,3.496650539734967,3.8939170703341026,24561,9978,14532,76,28,92
WH109,Miami,4011,4098,2,5,11,46152,S408,Automotive,5323,2.965608913195495,6.362546426915857,2.2123094669803502,18705,7073,13970,9,7,83
WH088,Denver,4839,3605,4,4,12,87571,S967,Furniture,6480,2.5926284864434326,9.661415588785433,3.722192402585713,11626,5702,3342,221,35,75
WH476,New York,2870,3549,5,6,9,54988,S688,Automotive,6519,2.3369471652360128,6.182588307420106,4.557443631409145,26572,13100,3192,214,36,57
WH102,Chicago,2523,5037,2,4,7,85322,S990,Apparel,8354,2.4710722036810497,3.9101101569860965,1.4706488125613095,39627,5718,11671,225,18,81
WH288,Los Angeles,2981,2203,7,5,12,81725,S739,Apparel,2543,1.504996937793761,1.6393072447117158,3.319409968903472,12566,12316,8711,194,49,89
WH121,Dallas,3594,4135,5,1,19,82199,S237,Electronics,5103,4.295808529263957,8.387694633379652,4.2007774958181745,13566,12058,11764,185,24,18
WH340,Miami,2753,4022,6,4,14,54693,S604,Apparel,6594,1.167104953916856,6.4277633843687925,4.0787152245079135,16172,3931,5384,72,29,22
WH088,Los Angeles,4772,1457,5,1,5,40177,S829,Groceries,5640,3.757307676346766,4.8276209897081275,4.958809284073855,43571,13210,3013,192,9,47
WH056,Dallas,3636,3453,8,6,11,50893,S990,Groceries,5913,2.429350460264812,4.500107242394876,3.6539859482925943,38021,2774,10625,157,14,37
WH222,Dallas,2049,2313,5,3,16,44699,S496,Automotive,5031,1.7913137598968638,4.96618886395882,4.5028807335033,47494,14434,14244,33,48,88
WH034,San Francisco,2843,1770,2,5,20,87773,S849,Apparel,1507,1.0514535844229684,7.5464649757061855,4.341844174472403,28144,7977,1059,274,27,49
WH347,Houston,2161,1243,2,3,20,50718,S662,Automotive,8371,3.9287828926228348,1.5903102237106872,4.128188611581448,40991,17666,10537,26,34,76
WH026,Los Angeles,3723,4495,5,2,8,71632,S281,Electronics,1051,3.608916006864474,9.959796340167538,2.0507919247428528,38342,17265,6921,93,9,66
WH007,Chicago,3451,1006,10,4,9,65441,S919,Apparel,6401,2.834905660604244,5.381435112021976,4.9603733607254945,38157,7002,4023,24,33,96
WH012,Seattle,2493,1158,6,1,16,40274,S405,Electronics,7689,0.5946722535741376,4.10135247088196,4.401669488097754,26879,3849,4042,12,43,99
WH341,Denver,3796,3992,7,7,16,53322,S219,Electronics,2125,1.324449434104031,7.227393537841966,2.9893097276670577,20650,10068,5006,26,30,32
WH155,San Francisco,3095,4848,6,6,12,64914,S345,Groceries,3841,3.190223156493436,2.4640067992908765,4.040233849377735,43468,10594,5244,119,41,53
WH493,Denver,4116,4610,8,6,6,34868,S995,Electronics,2702,3.621050529720467,9.73414068336589,3.0262745152953214,44883,12300,2152,88,45,54
WH399,Denver,4248,2155,2,4,22,52943,S685,Furniture,3942,4.408079852073309,3.8795474461255948,3.6401545727834135,14161,10536,6394,117,48,72
WH495,Los Angeles,3706,3087,8,3,9,86437,S527,Electronics,4339,3.303135834998611,2.1253675132984746,2.1108186746706985,27574,17898,2248,196,44,81
WH364,Dallas,3213,4295,7,5,19,75884,S617,Apparel,3474,3.1194066672876173,7.273631316549489,2.052771680489821,49723,10859,14319,185,2,17
WH499,Seattle,2809,1747,7,2,14,70859,S254,Apparel,1314,4.805806644610276,8.834459768962146,2.0623326325656874,14956,17141,13579,247,24,87
WH105,Houston,565,3432,6,2,22,70908,S732,Electronics,3326,2.313902434046069,8.062124544745291,2.863159632673343,28387,9132,14296,247,21,60
WH434,Los Angeles,3728,3990,9,6,18,51895,S839,Automotive,9095,2.8385614731898174,4.70041585718084,4.777678406085061,43242,13126,13685,171,13,52
WH493,Los Angeles,4265,4000,10,3,17,95822,S679,Apparel,2188,2.2170117270312675,1.0412150124314044,4.354504451779448,18618,13257,14977,276,3,23
WH145,Chicago,2215,2421,5,5,6,50560,S392,Electronics,8757,2.140447525805744,5.3628732525772405,1.1382425282653048,35201,12612,1619,187,47,12
WH248,Atlanta,4784,1437,8,5,19,34112,S768,Electronics,2642,4.251838310284589,7.710305014520818,4.92600906371119,13013,4433,2674,211,25,90
WH100,Los Angeles,2217,2642,6,2,10,50313,S143,Electronics,8678,1.121275664949735,6.840928649165778,4.508454139612614,34249,6848,13675,283,29,85
WH028,New York,2543,2562,7,1,9,56665,S996,Groceries,1941,2.1606167820409485,7.353017486163101,2.4397521324381866,27228,4967,11925,54,38,45
WH286,Denver,4127,2375,3,6,5,58513,S923,Apparel,1780,4.027623835467287,4.118159366328026,1.8571415911412994,15638,14093,4045,255,44,75
WH060,New York,4630,3420,4,4,24,57943,S355,Groceries,8715,1.8213100976989345,4.615336795584389,3.5311855999008483,44641,7152,12031,82,19,34
WH274,Los Angeles,4994,1228,5,5,6,70245,S740,Furniture,8855,1.8390851971727593,9.813247273358272,2.644791617566429,30671,16446,1274,153,3,85
WH319,New York,1206,4118,5,4,24,55373,S952,Apparel,9874,3.4327281946878916,8.34413892734694,4.754483311374395,12227,16050,8770,250,39,41
WH303,Denver,2850,3908,4,2,12,58194,S591,Apparel,2912,4.905858342076278,5.135826289982817,1.3717735332817966,47174,18838,1891,260,15,33
WH258,Miami,1017,4062,6,7,7,62446,S154,Automotive,7929,1.8730930799273442,3.35607117009695,3.0428223544766944,13932,7226,9521,222,47,72
WH239,Chicago,610,1183,3,1,22,43540,S120,Automotive,7865,4.750081786612892,2.479564328328047,4.921400242955563,29570,17196,717,141,7,41
WH162,Chicago,2247,4189,10,4,12,53533,S831,Apparel,5348,3.4453273064589856,3.803589725440891,4.943949490291657,40767,6053,11638,63,27,80
WH361,Seattle,3672,2652,6,4,13,63188,S383,Electronics,8655,4.236001183004077,6.898189428845661,4.138287320546762,40379,19104,11161,211,50,92
WH190,Dallas,3101,898,9,2,10,81760,S434,Groceries,1225,3.736437996612843,5.842065865573657,2.5995910635589907,43489,7690,3512,259,5,59
WH082,New York,739,4749,8,5,9,74847,S405,Electronics,1854,0.7247454022780034,5.912708590707941,3.0768396094775214,35493,2900,763,48,48,84
WH326,San Francisco,1966,2828,6,4,19,90169,S979,Apparel,2245,3.548535284207611,5.667817303856108,2.4322170322814145,34704,7944,11357,99,43,39
WH448,Denver,1499,5099,4,6,8,33565,S651,Electronics,4985,4.461434466443609,4.33721389368103,4.248766052313778,38854,17196,7278,21,44,64
WH309,Houston,1500,4869,3,3,13,97981,S268,Electronics,2813,0.9951979885031692,5.278446595875547,4.145348647081078,10630,19353,10524,107,39,76
WH067,San Francisco,2199,2979,4,4,8,45475,S955,Apparel,4946,2.11067885896301,1.3465287520307423,3.6266602783893607,38735,11826,3479,122,47,34
WH351,San Francisco,634,705,6,7,11,44147,S831,Apparel,1694,3.2391515461510987,8.87487812927209,1.5428912334511447,25823,17306,917,276,6,62
WH386,Chicago,535,3663,6,5,21,64769,S648,Groceries,7238,1.5645535791299041,0.5166185234534095,4.152017310925927,21576,4079,1041,156,26,86
WH083,Miami,2910,3448,7,7,16,84542,S315,Groceries,3837,2.7296322312551644,8.07749643906726,3.881242229309601,14643,4303,5330,91,11,17
WH113,San Francisco,2373,1542,2,5,15,92064,S178,Electronics,4806,4.728511445262862,6.882992849254215,4.965105921730136,18600,5680,3070,163,48,91
WH057,Chicago,2182,712,10,2,23,67124,S221,Groceries,3908,2.6166945458383037,5.352585469656307,1.3356840914265118,43289,8634,13556,138,35,28
WH145,New York,4357,1521,10,5,20,65281,S830,Groceries,5909,3.9382488563969016,5.445214351555039,1.8293048518849409,47701,1581,5792,119,43,97
WH181,Miami,3110,3322,4,7,8,88426,S663,Groceries,4584,3.786971377255448,1.4528526212060722,4.916439340671136,48667,4070,9536,47,29,77
WH068,Seattle,1636,4170,4,3,6,87751,S961,Apparel,1699,0.6839042575502761,8.474155737103107,4.142397983429266,17858,9501,5919,9,38,61
WH204,Seattle,1821,536,9,6,23,78229,S966,Electronics,8828,1.2981252941115855,7.0068577767571565,1.1504127771358195,12831,7219,3575,204,24,48
WH047,Dallas,2309,3122,7,3,16,84305,S185,Automotive,7267,4.2221604520283105,2.1536689786064755,2.355345437861804,23096,6377,14269,254,15,6
